-- MySQL dump 10.13  Distrib 8.0.13, for Win64 (x86_64)
--
-- Host: localhost    Database: parkinglotmanagement
-- ------------------------------------------------------
-- Server version	8.0.13

/*!40101 SET @OLD_CHARACTER_SET_CLIENT=@@CHARACTER_SET_CLIENT */;
/*!40101 SET @OLD_CHARACTER_SET_RESULTS=@@CHARACTER_SET_RESULTS */;
/*!40101 SET @OLD_COLLATION_CONNECTION=@@COLLATION_CONNECTION */;
 SET NAMES utf8 ;
/*!40103 SET @OLD_TIME_ZONE=@@TIME_ZONE */;
/*!40103 SET TIME_ZONE='+00:00' */;
/*!40014 SET @OLD_UNIQUE_CHECKS=@@UNIQUE_CHECKS, UNIQUE_CHECKS=0 */;
/*!40014 SET @OLD_FOREIGN_KEY_CHECKS=@@FOREIGN_KEY_CHECKS, FOREIGN_KEY_CHECKS=0 */;
/*!40101 SET @OLD_SQL_MODE=@@SQL_MODE, SQL_MODE='NO_AUTO_VALUE_ON_ZERO' */;
/*!40111 SET @OLD_SQL_NOTES=@@SQL_NOTES, SQL_NOTES=0 */;

--
-- Table structure for table `customer`
--

DROP TABLE IF EXISTS `customer`;
/*!40101 SET @saved_cs_client     = @@character_set_client */;
 SET character_set_client = utf8mb4 ;
CREATE TABLE `customer` (
  `id` varchar(45) CHARACTER SET utf8 COLLATE utf8_bin NOT NULL,
  `name` varchar(255) CHARACTER SET utf8 COLLATE utf8_general_ci DEFAULT NULL,
  `addr` varchar(255) CHARACTER SET utf8 COLLATE utf8_general_ci DEFAULT NULL,
  `gender` int(2) DEFAULT NULL,
  `phoneno` varchar(45) CHARACTER SET utf8 COLLATE utf8_bin DEFAULT NULL,
  `status` int(2) DEFAULT NULL,
  `createdby` varchar(45) CHARACTER SET utf8 COLLATE utf8_bin DEFAULT NULL,
  `createddate` timestamp NULL DEFAULT NULL,
  `modifiedby` varchar(45) CHARACTER SET utf8 COLLATE utf8_bin DEFAULT NULL,
  `modifieddate` timestamp NULL DEFAULT NULL,
  PRIMARY KEY (`id`),
  KEY `fk1_customer_user` (`createdby`),
  KEY `fk2_customer_user` (`modifiedby`),
  CONSTRAINT `fk1_customer_user` FOREIGN KEY (`createdby`) REFERENCES `user` (`id`),
  CONSTRAINT `fk2_customer_user` FOREIGN KEY (`modifiedby`) REFERENCES `user` (`id`)
) ENGINE=InnoDB DEFAULT CHARSET=utf8 COLLATE=utf8_bin;
/*!40101 SET character_set_client = @saved_cs_client */;

--
-- Dumping data for table `customer`
--

LOCK TABLES `customer` WRITE;
/*!40000 ALTER TABLE `customer` DISABLE KEYS */;
INSERT INTO `customer` VALUES ('264105640','Nguyễn Đức Long','691/7, Linh Trung, Thủ Đức, HCM',1,'0968451361',1,NULL,NULL,NULL,NULL),('264120365','Trương Thanh Minh','79, Linh Tây, Thủ Đức, HCM',1,'0966225661',0,NULL,NULL,NULL,NULL),('264186130','Tạ Thị Kim Anh','18C, Linh Trung, Thủ Đức, HCM',0,'0988651512',1,NULL,NULL,NULL,NULL),('285723691','Nguyễn Văn Ái','197A, Đường Số 1, Linh Trung, Thủ Đức, HCM',1,'0906541685',1,NULL,NULL,NULL,NULL),('296705613','Nguyễn Thị Minh','164, An Mỹ, Thủ Dầu Một, Bình Dương',0,'0988643579',1,NULL,NULL,NULL,NULL);
/*!40000 ALTER TABLE `customer` ENABLE KEYS */;
UNLOCK TABLES;

--
-- Table structure for table `history`
--

DROP TABLE IF EXISTS `history`;
/*!40101 SET @saved_cs_client     = @@character_set_client */;
 SET character_set_client = utf8mb4 ;
CREATE TABLE `history` (
  `id` bigint(20) NOT NULL AUTO_INCREMENT,
  `id_rentdetail` bigint(20) DEFAULT NULL,
  `id_customer` varchar(45) CHARACTER SET utf8 COLLATE utf8_bin DEFAULT NULL,
  `plateinimage` mediumblob,
  `faceinimage` mediumblob,
  `plateoutimage` mediumblob,
  `faceoutimage` mediumblob,
  `plateno` varchar(45) CHARACTER SET utf8 COLLATE utf8_bin DEFAULT NULL,
  `indate` timestamp NULL DEFAULT NULL,
  `outdate` timestamp NULL DEFAULT NULL,
  `price` int(10) DEFAULT NULL,
  `createdby` varchar(255) CHARACTER SET utf8 COLLATE utf8_bin DEFAULT NULL,
  `note` varchar(255) CHARACTER SET utf8 COLLATE utf8_bin DEFAULT NULL,
  PRIMARY KEY (`id`),
  KEY `fk_history_rentdetail_idx` (`id_rentdetail`),
  KEY `fk_history_customer` (`id_customer`),
  KEY `fk_history_user` (`createdby`),
  CONSTRAINT `fk_history_customer` FOREIGN KEY (`id_customer`) REFERENCES `customer` (`id`),
  CONSTRAINT `fk_history_rentdetail` FOREIGN KEY (`id_rentdetail`) REFERENCES `rentdetail` (`id`),
  CONSTRAINT `fk_history_user` FOREIGN KEY (`createdby`) REFERENCES `user` (`id`)
) ENGINE=InnoDB AUTO_INCREMENT=8 DEFAULT CHARSET=utf8 COLLATE=utf8_bin;
/*!40101 SET character_set_client = @saved_cs_client */;

--
-- Dumping data for table `history`
--

LOCK TABLES `history` WRITE;
/*!40000 ALTER TABLE `history` DISABLE KEYS */;
INSERT INTO `history` VALUES (1,1,'285723691',_binary '\\\0JFIF\0\0`\0`\0\0\\0C\0		\n\r\Z\Z $.\' \",#(7),01444\'9=82<.342\\0C			\r\r2!!22222222222222222222222222222222222222222222222222\0/\\"\0\\0\0\0\0\0\0\0\0\0\0\0	\n\\0\0\0\0}\0!1AQa\"q2#BR\$3br	\n\Z%&\'()*456789:CDEFGHIJSTUVWXYZcdefghijstuvwxyz\\\\\\\\\\\\\\\\\\\\\\\\\\\\\\0\0\0\0\0\0\0\0	\n\\0\0\0w\0!1AQaq\"2B	#3Rbr\\n$4\%\Z&\'()*56789:CDEFGHIJSTUVWXYZcdefghijstuvwxyz\\\\\\\\\\\\\\\\\\\\\\\\\\\\\0\0\0?\0v\U{\\0R;\\kK\B\pʷ6\ї\\\"-\8S\Z 98PkM\5\\vbܠmEqw1\W5phi1iPG=9g\P[*[mh\85k.!bMs.II>D\Ѵh\	\\Woi,QzrMhxz0\\Y5_ێ&j\Z;Ș\ZZ-s\\S\a\[Pٛ2hc%9\'\r\P=1W;\-R\E\ึ*$y\5 t9⢚5bnzz\񶽷帋/<C\'\o\0U%ch5\\\P?\\\q5܍4\F9f4*;aQ\a!f\+J\÷3\$K=\0VФ\\\\\\:\һ2ż\R%\\Bki4\0!s\ԣLJ?SJǩ20<\r3\\q\Ɨb9k\oc\Zf[nϰXu(Z79-Q}*\rwqv\\0fg8=a-\ZZt-!hMUX\sV\x,\:֝pme0\Ji3/\\0p#\Z\Z5\հS*!\5	\F\s\MX\{\0\m\\"ӭ;H-\X\\n\0J\\"Ext\E#!p\c\i+GlO-\*\$zoi\rZ\\Ӷ\vʜfV\4=\N\\L3zsթ9\\!\!a\@\r~EBjf\Q(`Hj\'\RQ?J\08/JG\EZ^pS@\c\"<P1\\Ҥ\M+\P\\oOcZ\WZc\Z\\\Qn\@\\~jGh\q]w\ZE\qz6t6֗6zdZ?\\Fx/\h\]X\\4՘a5Mz,#F\.=5s]DB\0`j6y85:8\ޯ\<O$zE7U\\\:\\'\Y/z+E\e\8\d	譎jB@zv04̟\=\\aRJ[w\\$˕\9\HZg3;X\v{.\M;\\Nj\.bTnoH՟pYVFg\D2\QCu\v֓\;Tj\a\QXd꣈EnGWH㢊\s6>ai\n3{־j1,qCQ\2ƦH\֝D\0@\0)CU3!\fEM{C̰I!sمi\nq\m덑<ĹlT|8Hٿ-YE\0ץ\Ijl3\\0\\\e\G\z0\"xdd*p\rzӢ2r1\rLF\\i;3\\\\\ d\\5\~\\Zb\\\0#~=\Zl,\9\C\\0\n\\:\\\ŷHd9,?w^q\Ό\}*\0cײxS\\Zֵdy\\@J\=LtH^?qB/Qҫ\zN\\Mƣ4Q\027\x	4\i*76=޼S\\t\kEq=\Ĥ\q\)\\\[ڝKy<O\\F{m:\\|\V6I(B\4\\>Xd\\\Sp J\J\\JUkƬ\i\\}K~>suy\\IٮZf\J|U<ަ?t$\|Ug\F-/wѬ[\zS\\0]r\k7\Cn\X\\Ϥ\\\\̗3$J\씚4ŧ\8q\n\\n\g\Q3PZLJe<\m`FjR8`V?\*\×\0SaS\@\r$\&ۚ6\+\\*=\H߻oa\ab\g<c\uwY[\+n1mSE\q޳\׉2\Rƶ,P<#\\Z\\_\%\U!?ø\5\r\ZS\/wL\\'.n$$K	6B[Hmƺe\%T].\\|\Z\aoQ\\\\\\Z`9\\\4\\'¡Y\"\Aֆ曺Բ\%ݼόJN}\\d\\k`כوf0\;onz֬\v\\kT\\ZT(^hSq>@\RWO\wy\'(\J*\Sҥէ\*\\\{Dlgʛ%ލwX\+\nnj\w;֖?r\޺K	\nI{O\\ \z\,X=\ҏ\ٛz\JZNU6fJ:Uy_\LRc@\1\\\1OZ,\Z\+\=i\Χq7\HQ\fˋzV].d\\P\CGrΚ\#\20\jM\>\nPx%\\\HG)\\#7.MmRg5\\d]#2\ֽ\#]G\m>e\@ꃚU%s\1=@\ry\\-67\S)(gڽ\nk\bk:像\ja+3\b>O3\[v\jpC\Eg_F\H\?\bVr(j#\\cb̒=\\$\S\:)\nzlGl\G\\դ0\	G𜚣\\\C\0vuk$>\\\8O\lt{k,c_^\\qG\\rtdU_CAjJ4CJ\\r#!\D\\5ix\a\IL=h1\\h\\\&R\rRcCֆ\6q=)\x=*\\Zw\n\riY\i\vis\m\sۧ\5\n\\0\|}1\\"1Yz2Iy7wl\\\\	Ji\p\?\a\nUZv\u\r\_\#\\׎^\N2+\<\rs\K$FRqb`<\\nF9JU&5<g\uj\LΐbS\'5QD 5Ў~\c\Un\R\~je\\5\mNy%B_wZ\\u4ԭb\sz\;Gd[\Mg2\\k\E[sG\Ej\r/W\-\I\☯e\#jgݩ:\\\YrہW.iq\\n+lXZ`Ǔ]Ъ+=L\Zi\M\U$$bKRj>\4E\'ݮO^דM[tP\A\+\Yb9v0F\֡..c\*\֬\N^+\\n\\]N2X\~-Nh?]\Մ\\xN\\0J\\S.̽\O\VRLuU\6\o$R\3gQ\)J/\ա \ccn-a\\Fї89\'ubr.9K\\"\\\\q[m\\\.5&\\kkwZ\\$a\;W-\'nV\"Ҷ\6OjɵЊ.z\0,Mz\ԣ\:UG\\Bq-\x΃ޛ◑R\\b\>\Q\>\"q\?Ҫ\\TܓM\)K\\ ⢗\Z\fh#xwOӘSl\\nk}>Oy\l<4[H坮r_\z\g\CO]fne?W5\\2\+H~?Zj7N{\P;f\s	R(ibo4\^8\zsq\Ei:\Dj~\Ԛًc)ILR$\rNÊf\`EISȤJCHԝ\r2E0F\Reʞ)!#2wSZ\\\Z\Udkfb\%ʲ\u\0\\`vN\\,\\qPZ\'`>1h0|яjC$o\\-SIbso(<\~à\j?\\1\";cz\V]\n\٪H\\\Au\:\o\{R\\\rq,*tbe)\"bXqU%ZgwQSc\\F\Zek.\\v-88\+/[]\U\M\TW\FG+X\\m\m$uqU[J.rK.\0澇O:ବŎKIhl\\\ڽK<ּ\\6*{[ۍ>\;vé\\\8\"ΘNǤ\X\~鿝`\LzkV12W\\Mɝ\=q\):wL;X۹8k{ _N\r%@X\-\Hһ-\ۭ6d\2P$NGBf\L6\_\\ٍѻݝ\\_\4Ѽ{\\nkћjz\v\4c\\&vFZjYr\Og+}o$Hڴ4\\\\\ݥqYr[\\>E\]U65h89>\n\x{S\-\{H#h\\\WSiAr^^9\'\'*魼+\hcUE\Y7\,\S^\\GY\GKU\.\k\Km\\"qto*\M08j.T\\\Y\꿯K²܏qP]\c\1^\PX\6H;1E\Ñ?\l©6cWjxF9)A(\\W\\Ah\]rJ8\yn h!dV8Y\\\kz}\ZP[aֺ}3Y:\\n\ ךl|\n\m\\m\S\hN\\Zjk7\[\\$\rm\\*\Z1h\)*;~TUf\n\qQee\!4dzS\M\@	\*&^*\\)h\nfqS\E9Aɩ3֚RHcvzT \VZ\Pi\\@\XZu\\X_#%A55zmpPo\v?=\=\i\n\'~o<;\\z4597$HGzd\\"/giLȓ.\Kpzyc̼Mմ\V#N~5tV~IܕdÏ´\Gx\\\O\)򡽙w\^z\[6<AZ`:c\'\Ec\c\l\j\:UUYWW1D\\",Ϣ,eM\\"\٭R\)x\5kc@8WKM 8$`\Z\&m2\\^!=jc\\`QD*Tڞs\!r*0\85ҁy>{S	VlU\K,N\0EWCݬտW&KS\$\\֢o;[vO\\\v٪\\\\\\n ,\ߗҬG{M3c\\\L\\UPW;x]2=ji\4\\s\ba\GRF\\\\6 a\\5̧{I})\d\,\k\;\\\\08u\\\>\	<9h3\\?Z\5\0\ZL+/d \\qI\\y|d6\E֋ku5\\feI9\"i[\Pku6\$.8Rrr\rOa\iZ\ѿg|\\+\\lg\t\GO\\.\3\+#TVg\nr\j4\Zǌn!\P,\\>\\5迋\x\\0-c[]VowӾvwq4xnʆ\oV\#\"\&\\Q]\'\5\\ۮ*dZb\OY-\\S\\>\}\\M;\z7ƨ\[de\"n\Sē*~\\H\"nխ\\ׂH\p\\{UvɁ6q]V\\0+fGW#\\}atƧESA6DM\\W4(8\v\\P[\S\Ę\m\#*la\\l\\EmE]\UOkAW\I-D\V\TlSmqL\ZaZ\mQԍQ\\0T^e=\E@Fhc&\Ax7[\QA\Z\Zk\\V+V\"L5evV\֛o\"\\\Fh\\\\	P]\"\Hý\IEq	\y&h.C8{T2y\S&lɚto\\\)y&??	H\%X\!,<\r>Г4\r\\!\'\$\\O<cek6\FeST\oj\\0\\-g\a\1\u1\l5kKn׌\\c𭥬X2P0i\fIFXG4\\;U}SBWh/>:\Z\\\+\q8\t;aN<r\{c\\\U)=z48\\\>Q\\ז\\\\Υ$CR:W\Ƽ|\eMB\"\"-i\Z\@Ǳдbmh\0pSM\\\S\QmY\,Xk7s^KD\1&2\r>\\\0\\\M\k\\riC(E5N\{\\\?w+͆\\Z,#\VIs\6:\{Ѝg54@f`\ԅO4 \fv=\\"\yYLkѦ\t\!1^M躕\\?J\W\\u	R=\"\[\>\\J\goM7-h\\Zm5V\\\\_\s\Jm\yka}c1\]	\[\u^Z\\\m\ln.%\lg\\F\ji0\dfܬ;{\n\,A$\,W\'\p\@)fA\vsҖ\S\]T_.\T\95z\\\S\\\\FϷ\4$s$O:\xF3$l>\\MhV֗	C\Z\4ϣ\\\Z<s{$ԮKh\\c\\"\}*\'!lI?x[\j(=+\-/\5	\θ\\&Q\da\#H\Z*w.tz&\D\H^+Q\K\\\nd\\Z3\OfB\\0U\0\QjG\"\\˾U\xΪ\?\Z\*\^*+\qV\2/4\Q\,M\7U#AER9ʜԬ9qQb\4b#\!l\n\uq\4Ț\G\Xvˬ\JRn/Z\	\*r\q	Il#_z\K\K0_Z\md\џZƹDˑқc*\\0#v>S;\\[9m4\RJ[*j#\y\,n\\\\}ȯB\\.굍=$S\?U\3LIs\x\k/tin\Âmu`7Nt	#(\Z\Aq\\\:P2\\\\Mv \rs\'\\6\5^(\qи\0\7`֔\ʛR\\\\ef`CsWx\Bl\	\b\\wA\k\بקu\\fjٌ[/h\"XlH\V\fٌڵ1\*LRح\!JԄsR2\\B\\<C\\$5D*\MYv\d9NsW!sN\G\Zs\I\ZEG\J\V+>d\晪g|\'\\v\Z\A\\"ҤM]!r+S&o\\1]EΫeeo\\2\PS\\\\\TM_Sc\i\nZ\\\\\7Ki}h\)2Hl?^\VsA$\\]o\\\<Sj6\b ❌ܓV4:\]o\S0\B1\0Yl\"!6\r\y4iDO\r\ko6%O(\\\\{M1]=bvuɡX\\y{;JDEm\9 g\g\E?޶:\,m\IOda>5\x\SYҵ6\\R\$\np\0\?:\nh\\yѵdauY?P+î\&r0VwҴ\B\@QC=\\\k\n|?\\\0\Z\\\^=+WK\\\=V5d\nAF\rU\nz\:ɦ)\\"8\Tz5d?>\l\)4szEe\Fj\@@\+/÷>v\i+l>\\&\O(\_ܤ\A4\ro@\ZrD1U^*V\%*\'^*\-B\\=֫IZEC*(ȧU(+\\".E&M(\n\\\Mt͎*73NO\3@ˊ\5amI4q܆1pj]i\sE̐k\5>`p#\\\PGl*\rD|ڝks\\ST\(9mJ1%\Gɑ[\\\>״\\cKǡC\\ʷ^\K{X>ͯ\Y\pr?µ\\\\\:\\9/\T\\\WN\\\vB=[j\!&yF@\~ݞ Bǚ{B͓Ma\ϛ]0\4ďν[P\g!q\y4u\1\͓^Vrh\{6iPZA*^\;\S4էSQhRx\\)sH\\ƉJ֩IJqLEFjwr\jE\"*\\"0-U\nhk\k\u*\\'*\\p\^s\\Gu/T\g2G\_8\gv\rDb\n}%s\+cG&\7\nG\Y\BɏT\\GdV#\VVp\YGZ\M:\@\KV]\X\\trs	URo\~rٵ\0^vC\"Qf\q\rܿ\;e\0\֫M2V\\\U\M\!G2+\B\0\7ZXC\\휐\dQpgi\+Ήfc#gc\OZ8\\fhf\U\01\Yv\N+A\"\"g_\{C\\Ե1mr!Ќ\Vxz\\\\\\a\\\+Ȧ\\bEF>\Q\4s\WS8\Td\\\\\<\\{\Z\\+Ҵu)\0\\\A]8=k2\'d\Wv\T\q\.\"6^*.x\@ʯB\\dTlPk@F\rhJRjJ)jXךVQ\hV&`\v`\+\0\Vl0)E=m\q\\n?Tg\\Pi\*rsYl\\\0WTJ\\n+\,&Z<.qTŜu}Fk^;HU\YSBַd9<\nۂTu<Qa\\ e\"+8ȩp0G5tK\"\+u!\|Y\\\"I\\;\1\8w+F~G\O_jV\\0\\\|\0:\S\rrs^\r\\3\\r?z\*溊čҊ\\\5u[5u\\Ι\j\n\\Z\uȚ\"\N\a\mhl2te\\r\sRЕ\\Z\5Z\mc[Bk\\syݫ\u\1ko\׿iM\Ʀ\\roi 5>\Q9R[?Z\n1A1Hb.TljX3C(\OS\0 \UeJ\t\yⵀLTh.\').\S\U\σV;x\\[*qAvf|\keS5\\\\T5\\\%tGc)54H\&rXF&\\5d\\*B7 *E\\0W#\u),)8\{\%6)lR*[@+p\\\\\Ïui\\fcų8\+i\\v5=PU~ƚb5`)njG2G\(\rMg}_?.{\5\x/\\uG\.#\۬\\g\.c\'E_\V9= mT`S\Z66k`/*\HJOSW\"\8\"nu3My280\\\Z\n\n/Z\~T\)3Gnؐi4psN\QzR	Y)mV-;jJ\\BU]\*\pA)aԣՖ? \ڴg\SVҵP\]Vqf`.N%RﬔHU\0}*,ab\Gi\j1\pe>sLKP\1S\֝\ \&g\\ȫ\2:\X4˳(3\H\?\`r\BX\ZꓧGX_\?κ;3#[;\B\7\[油Y\\\\\\O\0=bV8\\\}\\\Z\d*\~\Ze@\Z)I\G\[ҵY:3?}?=*A5G=yN.2]\60jVIujGu>ˊm\\r\\\\\q\"Z+ep\2W\c+g\Z\\5\f`Oʊq\\=Χt\\?\\\\\.n?ʽlc*\\\\4q\F+&\\j/>s]\<ŐRn\r*BA\q\Q1\\'4@\\3e\"ϙAzhP\\i\)/\\j\X\nj\h؞\^FǠ5\\\.Eq\|\-4)㱛:m\:ξ#{kf[W`;\0\Jox2\PZe\"\j#\\Q8l2\<\u\\ZNd6|\蚖\"EۘT\W~AlW|b\0[\?\v\\\ˎ\q\\}kmr\ ܟº8Ty\n=+I\kza@F!\W+W5\\RTy\"W{;\u6a[fX\\n/Nի\rSFd\PXѩ:\\\\Q\5W\"\UkD\HQ\\\@\0\I5*zթ\0u$W zfѰ\w\qW R\n\*3W\\"`Se\M<)^A}efO\ήRNHC\\\\qosZ2򦨶9I\jI\m<Ѷ1R\\`H8\P\\d\j\"E+ʤrE!cgPp_vig7\7N\\P{\Z\\ZMn\N\*\"$#J\J*\\S@Ѱ\xH\\uJݹR\O\\\"`\{\0]i\#;\:$(z\|F>ͮ\(FppkF\o#\6WG\^[b?\VT];EZ)\\'%|(35F\F\]CH\\λ6)f\o/\01_h\p:½8ԃRFݙ\j|\\IX[z\l>\UC\\#L\Z\\ң\\%rE\In\j6\Z[#5\#63\)ws\.\E7m0jR\nσ@\4)6\Zni<\(\0\OE\\⧏&HDSGҞ\\\Z9mR<}k\T\\Ɋǒ>iF\[q]y\H\\L\<l6iK>Ѭ]\"\\,m\0$w=\i\>^k\k^͍#k~\\\ذ4drW\˩\rŽ+\^\Z\n,NIꭀZ\\Z:/T,o%BC\Z\_M\b㡡d2q]	>k\bk\\d1/P\\%d!ry/-5sE;\[;$3\\8\!x`HL\}&,ڴfRN\rS2l\\Zc\\,w8ĉ\m<f[x0g\0th`\O5ibo2md1m[\9\n\R\n\^3\?\ʱ\\r :i VXn\.±\k\\Zz\OJi\Zc?h\R˸jI\\Lc*HɠJ\\L\j)%\sM\Yh]5\0\\L,	Nۚ@0uE3n)\[\H\2*\\P/ީ\"\**P!gk2\E&Gz\Tu.UM\0q^.u\\I\n`G}\'\\.H\m1\n4y\G\\n,\|;\\Ty+X\h;\rE9~|\T<;pntKG\'$.\}\0QYIY\{pD&\y\0\*M7\js7iV\\WSp2ֳbW\'5wM\T_h+:4&l\\'\=:L{G-\GX\tؕSqa>\nPSEW#h21r[\\w\\\Zf\L\4IYb恢-\\g0\\Tʣ! 榌b(@D8?\4S|\\&\3YE\m\\\\\	#4!\\gܧ\\%	\rcLjMȒg#jYg#X1!ÃW\]\Y\ֵ\v(cE\l5Qbz\vf~\\VBf0EO2d\nHjbR$\ٷ@8\Z\IQ\EZ!A)\\\6\\řP0$Q^D\.⥏Ht\4k	A\T#2([ԊX\hXP\Xw\\i\Y1\QqLKݒt\2<\V;!\@2nn6d_U8Fe\Zf,q@\㚕jT)0%qQԫҤB\-8S\\#djъ\nRn)\#oh*i\P\\\\@\7\44\3\HG\\mN{iq\\ \l\\\$:G\\\nWk/6\\\t3\\Tz}\ڕ-O~?Or\\\U\/D\0\Dl\0ys[:Z=\}c\]N\V,\R)9x_\"\8E\\q%\\\\&\-\\ϽU9ޒLG8\\aB\A5gT75ue2y:xPۊx\\AouaݤU*6`}\	2ne/&c#*\qdՏ+b\y \j\\bh0*ǃH\n\Xm Jb*~\#[=\R/\iPx\Uq\nhw3f$T\ڶz\qҩ0\\E\g\5\][V,\\'n\\ZӒ\\Bmڝ\S^.\\"\W\oX&-\c+/5~qUvW ^\0`[$֝~F$\\r]\sޑ,\4;G=I%s:lFkj9C\Q.,sC1\\"v3@#\sH\icP\}(4\$\ZI-O\\VděZIc@\oS\@\\em\n\UlV\L	Z=;\*µ)`M\0g!\Rj/m\ojpA\0)K\'Zu*e`\搇N	\\JG=\ET.8r\\ҼFa`;\\r\\0`\q;\\\\k1N+,c?QPہ\\\߉\vo1\\\\0T8^\uF\\4U;2xz\U\o7\\0Ei\=S]\\\&@hb\\\\.\\{D\=\׺\\~[xN{[_e/t?\_\'f2\'Gd\s\\0\?\Z\<0\\Ͻ\\t\|\\2ɰ/mq|\Jӌ\'\8\RVaA\TR\\=\>\Oq*A\8QKb Ye\\9\ECO\jEK\'pӸ<NU`\` .ъ<\CNU\\8K*?JDS\n˚PI\0zUvco5aҩ\'.32+}\8[_qP\ۍ\YƋ\K[Z\\9nq\C5JJ\R\\$xׁQ#\0-=(\m>c[pLA\Mm\\"\ՅaTzTW\L\wta\\0?l\)Zy\ʠEI`|\O8\\0GZڡX\J@\ri˅\Z\\%P\	!@\'XF*$ݵ\V_-MU\8l\ZU8\A\n\\\0b\r\&\R\n	\bU\a #ՙL|Lcx\ŚǊ\P&LSOݩ\ S\\X\\b\C(,H?]\f:Ƒ7\$_\R;ns6\/m\yT\>\4K]M\l򢵋V4\\RmwS*5ڼdww\mF\񎕃\0\\\\kO\dLrҳAnO\n|F\DŽM\ZO5\\r \'\zjj7\\,\M\LX:f=(0\)9@\\\Zp\'\3\\zK8\\\0J<Y$\\\l0f|qbe\ni@\\@\JqeZFVB\\c4@/J,|+Q\U\3E\gƇ}h\3\:RGn3<\O4Ц$JP+m5n1M\>!	-``k\nׄfFE;\Kd\nAFT(4|U\m@ʰ\<\0(\:\xCj^\p:Uk<P*S\Ux\\I\\&\*6ɹh`\55\b\r-QҘK\"䚡hݤ.A>%8S9\"6jT3@\U\95ZE\*\^*]\)t>LV\ܧɚa\[f>\\\	7ǚ*O\\\\\rv5=Vl\\$\@+D\V\~{Nk\<\Ů\Z\\0*I[ T\"m\(}ri4 X\0\\vf\GRj\rƬ:\qU]mY=OKP!\#zm9E0(`Z`Dԉ#)\⚒zҗ$:Ljg4EZ\r>\\AcJl)\*\MG_2iͦ\\G.@\0jЍ\\r_/\5s@\.9\*jJ	!\zUT\SSq*g4\nTf 4\\El\ZtH\N\i\{p1Y+J\Nn\\ \5S\;y\^W,\SӸɧ\\r֪,(.\88\##B\0޵&\RsL\\-I,h#5\0<1\9Z?5\0]|¯.1Y\\UH`R\KOV\\0;-MQ cMRrKU\T\U1zP#@X)\*S1L.g\ˊ\\WdWU*fuX0@\\x#$Vͱ(}l}\Ȑ~U#h\qYqH\i k#[#\Qk\iF,wq\T۳U|B\j_\\E7\Zl:\N:\7.Zΰo4f6V85uرE\0\\0+Fep+F\qR;\F)\\j,M\UZn\tjv\\`\\PL5;\\\@E3&@\i$Ҋ1A$\g5e׊2ۥVcЊ\	8Wi\V\"}1He\Ҫ\L)\	ʒ>U~M檭	@\Â\krz	e5!\5h/\LZE,y匓\g\\U!\CS#jՄ;*2\\4\\X\\2Ir8\\,婈<\r)$8K@RbH>Z\0rJS\q@7c3=*\r\z,j6xv\Ii\A#RA\\S|M)\ScҘ\r0\BǇB\E4\\\6\\K\8wY\\\nسR\\\,\=`ꏺ|]\ZN5Yޝ\\0ub\ɬtn\\'(+vª\0UD⩻-ɧ\NMN:SfAK\03GSI@\@eGh@iݩ!\KHhn(\;\ZCMY\\5QP&<(\K@\\Z@U|٫֙$\*­#\4|E&Kb\ŕcR\"i.m\=j\\s\ڒvz~YHr}~\6QY\\+NȢ%\J\b\h%w\\\n\-We!gP\\K(\\լՌ2 \!c\Vv\n\\\"\h DXMW8)_˞\޾k\Y#T\nwս7\\\6\4^\մ\A2\!\_STiVj~Y[I w\\I\\\$\\\W\5!֧,E\np\UH\GL\Sfwfiὴ\\Z\mgv\C\\F\'p\Sc\\\_%^\\FęH\LV\՘4W\\\ڟ.#J}\"\ӭTxX]o\.\\\\m^/+MM\"\[IщcGi֖\@c\-\gU{^gQCopX.yo!(Vm\\7`	s5\n\+߽\\r\\{[e\9>\\ǧZ\\2F#Q]\QS\\\UՇPsZ\K\\+G\Wט\UeziZֽ\^m]_&\ЃJ73(H<\r\KK\ ۹_o8f9j\2I(hذ u\'\\եTX\JA~S\<f\\kM?\w\ke@В\yi#)3G\rqԱ\\\y8ý@X\\\V<ڼhٹN\8\_O%ì\$HÀsPyNO]TZi\z\\s@\\<pOG%YT\Jh\\`#ϽfI\lr/evd\\#:V\c?vmh\\s\^W/v\Z\i&-ǻ{c5b+[.\F\"@r88\\R72\y\N>#jy\j1z\\\'(N\E\'\=\oug\\\JPW%\u2P>el\ҭIki#b\IߍdͨI&(\0?\\ҧMVYH\\\\W\z,\QRwI%\WBR0G#k#;t\ki\V(ƥ\\;=N:qQ\v\˘aؠ\2{j\e\ v\R\]8G\;Zn\췼Ku5;t[	\ Q9K0z}(\S\\Ks1pҴk!	<\"LC\[\އ\',NULL,NULL,NULL,'59P166480','2020-07-01 23:00:00','2020-07-01 23:00:00',5000,NULL,NULL),(2,1,'285723691',_binary '\\\0JFIF\0\0`\0`\0\0\\0C\0		\n\r\Z\Z $.\' \",#(7),01444\'9=82<.342\\0C			\r\r2!!22222222222222222222222222222222222222222222222222\0/\\"\0\\0\0\0\0\0\0\0\0\0\0\0	\n\\0\0\0\0}\0!1AQa\"q2#BR\$3br	\n\Z%&\'()*456789:CDEFGHIJSTUVWXYZcdefghijstuvwxyz\\\\\\\\\\\\\\\\\\\\\\\\\\\\\\0\0\0\0\0\0\0\0	\n\\0\0\0w\0!1AQaq\"2B	#3Rbr\\n$4\%\Z&\'()*56789:CDEFGHIJSTUVWXYZcdefghijstuvwxyz\\\\\\\\\\\\\\\\\\\\\\\\\\\\\0\0\0?\0v\U{\\0R;\\kK\B\pʷ6\ї\\\"-\8S\Z 98PkM\5\\vbܠmEqw1\W5phi1iPG=9g\P[*[mh\85k.!bMs.II>D\Ѵh\	\\Woi,QzrMhxz0\\Y5_ێ&j\Z;Ș\ZZ-s\\S\a\[Pٛ2hc%9\'\r\P=1W;\-R\E\ึ*$y\5 t9⢚5bnzz\񶽷帋/<C\'\o\0U%ch5\\\P?\\\q5܍4\F9f4*;aQ\a!f\+J\÷3\$K=\0VФ\\\\\\:\һ2ż\R%\\Bki4\0!s\ԣLJ?SJǩ20<\r3\\q\Ɨb9k\oc\Zf[nϰXu(Z79-Q}*\rwqv\\0fg8=a-\ZZt-!hMUX\sV\x,\:֝pme0\Ji3/\\0p#\Z\Z5\հS*!\5	\F\s\MX\{\0\m\\"ӭ;H-\X\\n\0J\\"Ext\E#!p\c\i+GlO-\*\$zoi\rZ\\Ӷ\vʜfV\4=\N\\L3zsթ9\\!\!a\@\r~EBjf\Q(`Hj\'\RQ?J\08/JG\EZ^pS@\c\"<P1\\Ҥ\M+\P\\oOcZ\WZc\Z\\\Qn\@\\~jGh\q]w\ZE\qz6t6֗6zdZ?\\Fx/\h\]X\\4՘a5Mz,#F\.=5s]DB\0`j6y85:8\ޯ\<O$zE7U\\\:\\'\Y/z+E\e\8\d	譎jB@zv04̟\=\\aRJ[w\\$˕\9\HZg3;X\v{.\M;\\Nj\.bTnoH՟pYVFg\D2\QCu\v֓\;Tj\a\QXd꣈EnGWH㢊\s6>ai\n3{־j1,qCQ\2ƦH\֝D\0@\0)CU3!\fEM{C̰I!sمi\nq\m덑<ĹlT|8Hٿ-YE\0ץ\Ijl3\\0\\\e\G\z0\"xdd*p\rzӢ2r1\rLF\\i;3\\\\\ d\\5\~\\Zb\\\0#~=\Zl,\9\C\\0\n\\:\\\ŷHd9,?w^q\Ό\}*\0cײxS\\Zֵdy\\@J\=LtH^?qB/Qҫ\zN\\Mƣ4Q\027\x	4\i*76=޼S\\t\kEq=\Ĥ\q\)\\\[ڝKy<O\\F{m:\\|\V6I(B\4\\>Xd\\\Sp J\J\\JUkƬ\i\\}K~>suy\\IٮZf\J|U<ަ?t$\|Ug\F-/wѬ[\zS\\0]r\k7\Cn\X\\Ϥ\\\\̗3$J\씚4ŧ\8q\n\\n\g\Q3PZLJe<\m`FjR8`V?\*\×\0SaS\@\r$\&ۚ6\+\\*=\H߻oa\ab\g<c\uwY[\+n1mSE\q޳\׉2\Rƶ,P<#\\Z\\_\%\U!?ø\5\r\ZS\/wL\\'.n$$K	6B[Hmƺe\%T].\\|\Z\aoQ\\\\\\Z`9\\\4\\'¡Y\"\Aֆ曺Բ\%ݼόJN}\\d\\k`כوf0\;onz֬\v\\kT\\ZT(^hSq>@\RWO\wy\'(\J*\Sҥէ\*\\\{Dlgʛ%ލwX\+\nnj\w;֖?r\޺K	\nI{O\\ \z\,X=\ҏ\ٛz\JZNU6fJ:Uy_\LRc@\1\\\1OZ,\Z\+\=i\Χq7\HQ\fˋzV].d\\P\CGrΚ\#\20\jM\>\nPx%\\\HG)\\#7.MmRg5\\d]#2\ֽ\#]G\m>e\@ꃚU%s\1=@\ry\\-67\S)(gڽ\nk\bk:像\ja+3\b>O3\[v\jpC\Eg_F\H\?\bVr(j#\\cb̒=\\$\S\:)\nzlGl\G\\դ0\	G𜚣\\\C\0vuk$>\\\8O\lt{k,c_^\\qG\\rtdU_CAjJ4CJ\\r#!\D\\5ix\a\IL=h1\\h\\\&R\rRcCֆ\6q=)\x=*\\Zw\n\riY\i\vis\m\sۧ\5\n\\0\|}1\\"1Yz2Iy7wl\\\\	Ji\p\?\a\nUZv\u\r\_\#\\׎^\N2+\<\rs\K$FRqb`<\\nF9JU&5<g\uj\LΐbS\'5QD 5Ў~\c\Un\R\~je\\5\mNy%B_wZ\\u4ԭb\sz\;Gd[\Mg2\\k\E[sG\Ej\r/W\-\I\☯e\#jgݩ:\\\YrہW.iq\\n+lXZ`Ǔ]Ъ+=L\Zi\M\U$$bKRj>\4E\'ݮO^דM[tP\A\+\Yb9v0F\֡..c\*\֬\N^+\\n\\]N2X\~-Nh?]\Մ\\xN\\0J\\S.̽\O\VRLuU\6\o$R\3gQ\)J/\ա \ccn-a\\Fї89\'ubr.9K\\"\\\\q[m\\\.5&\\kkwZ\\$a\;W-\'nV\"Ҷ\6OjɵЊ.z\0,Mz\ԣ\:UG\\Bq-\x΃ޛ◑R\\b\>\Q\>\"q\?Ҫ\\TܓM\)K\\ ⢗\Z\fh#xwOӘSl\\nk}>Oy\l<4[H坮r_\z\g\CO]fne?W5\\2\+H~?Zj7N{\P;f\s	R(ibo4\^8\zsq\Ei:\Dj~\Ԛًc)ILR$\rNÊf\`EISȤJCHԝ\r2E0F\Reʞ)!#2wSZ\\\Z\Udkfb\%ʲ\u\0\\`vN\\,\\qPZ\'`>1h0|яjC$o\\-SIbso(<\~à\j?\\1\";cz\V]\n\٪H\\\Au\:\o\{R\\\rq,*tbe)\"bXqU%ZgwQSc\\F\Zek.\\v-88\+/[]\U\M\TW\FG+X\\m\m$uqU[J.rK.\0澇O:ବŎKIhl\\\ڽK<ּ\\6*{[ۍ>\;vé\\\8\"ΘNǤ\X\~鿝`\LzkV12W\\Mɝ\=q\):wL;X۹8k{ _N\r%@X\-\Hһ-\ۭ6d\2P$NGBf\L6\_\\ٍѻݝ\\_\4Ѽ{\\nkћjz\v\4c\\&vFZjYr\Og+}o$Hڴ4\\\\\ݥqYr[\\>E\]U65h89>\n\x{S\-\{H#h\\\WSiAr^^9\'\'*魼+\hcUE\Y7\,\S^\\GY\GKU\.\k\Km\\"qto*\M08j.T\\\Y\꿯K²܏qP]\c\1^\PX\6H;1E\Ñ?\l©6cWjxF9)A(\\W\\Ah\]rJ8\yn h!dV8Y\\\kz}\ZP[aֺ}3Y:\\n\ ךl|\n\m\\m\S\hN\\Zjk7\[\\$\rm\\*\Z1h\)*;~TUf\n\qQee\!4dzS\M\@	\*&^*\\)h\nfqS\E9Aɩ3֚RHcvzT \VZ\Pi\\@\XZu\\X_#%A55zmpPo\v?=\=\i\n\'~o<;\\z4597$HGzd\\"/giLȓ.\Kpzyc̼Mմ\V#N~5tV~IܕdÏ´\Gx\\\O\)򡽙w\^z\[6<AZ`:c\'\Ec\c\l\j\:UUYWW1D\\",Ϣ,eM\\"\٭R\)x\5kc@8WKM 8$`\Z\&m2\\^!=jc\\`QD*Tڞs\!r*0\85ҁy>{S	VlU\K,N\0EWCݬտW&KS\$\\֢o;[vO\\\v٪\\\\\\n ,\ߗҬG{M3c\\\L\\UPW;x]2=ji\4\\s\ba\GRF\\\\6 a\\5̧{I})\d\,\k\;\\\\08u\\\>\	<9h3\\?Z\5\0\ZL+/d \\qI\\y|d6\E֋ku5\\feI9\"i[\Pku6\$.8Rrr\rOa\iZ\ѿg|\\+\\lg\t\GO\\.\3\+#TVg\nr\j4\Zǌn!\P,\\>\\5迋\x\\0-c[]VowӾvwq4xnʆ\oV\#\"\&\\Q]\'\5\\ۮ*dZb\OY-\\S\\>\}\\M;\z7ƨ\[de\"n\Sē*~\\H\"nխ\\ׂH\p\\{UvɁ6q]V\\0+fGW#\\}atƧESA6DM\\W4(8\v\\P[\S\Ę\m\#*la\\l\\EmE]\UOkAW\I-D\V\TlSmqL\ZaZ\mQԍQ\\0T^e=\E@Fhc&\Ax7[\QA\Z\Zk\\V+V\"L5evV\֛o\"\\\Fh\\\\	P]\"\Hý\IEq	\y&h.C8{T2y\S&lɚto\\\)y&??	H\%X\!,<\r>Г4\r\\!\'\$\\O<cek6\FeST\oj\\0\\-g\a\1\u1\l5kKn׌\\c𭥬X2P0i\fIFXG4\\;U}SBWh/>:\Z\\\+\q8\t;aN<r\{c\\\U)=z48\\\>Q\\ז\\\\Υ$CR:W\Ƽ|\eMB\"\"-i\Z\@Ǳдbmh\0pSM\\\S\QmY\,Xk7s^KD\1&2\r>\\\0\\\M\k\\riC(E5N\{\\\?w+͆\\Z,#\VIs\6:\{Ѝg54@f`\ԅO4 \fv=\\"\yYLkѦ\t\!1^M躕\\?J\W\\u	R=\"\[\>\\J\goM7-h\\Zm5V\\\\_\s\Jm\yka}c1\]	\[\u^Z\\\m\ln.%\lg\\F\ji0\dfܬ;{\n\,A$\,W\'\p\@)fA\vsҖ\S\]T_.\T\95z\\\S\\\\FϷ\4$s$O:\xF3$l>\\MhV֗	C\Z\4ϣ\\\Z<s{$ԮKh\\c\\"\}*\'!lI?x[\j(=+\-/\5	\θ\\&Q\da\#H\Z*w.tz&\D\H^+Q\K\\\nd\\Z3\OfB\\0U\0\QjG\"\\˾U\xΪ\?\Z\*\^*+\qV\2/4\Q\,M\7U#AER9ʜԬ9qQb\4b#\!l\n\uq\4Ț\G\Xvˬ\JRn/Z\	\*r\q	Il#_z\K\K0_Z\md\џZƹDˑқc*\\0#v>S;\\[9m4\RJ[*j#\y\,n\\\\}ȯB\\.굍=$S\?U\3LIs\x\k/tin\Âmu`7Nt	#(\Z\Aq\\\:P2\\\\Mv \rs\'\\6\5^(\qи\0\7`֔\ʛR\\\\ef`CsWx\Bl\	\b\\wA\k\بקu\\fjٌ[/h\"XlH\V\fٌڵ1\*LRح\!JԄsR2\\B\\<C\\$5D*\MYv\d9NsW!sN\G\Zs\I\ZEG\J\V+>d\晪g|\'\\v\Z\A\\"ҤM]!r+S&o\\1]EΫeeo\\2\PS\\\\\TM_Sc\i\nZ\\\\\7Ki}h\)2Hl?^\VsA$\\]o\\\<Sj6\b ❌ܓV4:\]o\S0\B1\0Yl\"!6\r\y4iDO\r\ko6%O(\\\\{M1]=bvuɡX\\y{;JDEm\9 g\g\E?޶:\,m\IOda>5\x\SYҵ6\\R\$\np\0\?:\nh\\yѵdauY?P+î\&r0VwҴ\B\@QC=\\\k\n|?\\\0\Z\\\^=+WK\\\=V5d\nAF\rU\nz\:ɦ)\\"8\Tz5d?>\l\)4szEe\Fj\@@\+/÷>v\i+l>\\&\O(\_ܤ\A4\ro@\ZrD1U^*V\%*\'^*\-B\\=֫IZEC*(ȧU(+\\".E&M(\n\\\Mt͎*73NO\3@ˊ\5amI4q܆1pj]i\sE̐k\5>`p#\\\PGl*\rD|ڝks\\ST\(9mJ1%\Gɑ[\\\>״\\cKǡC\\ʷ^\K{X>ͯ\Y\pr?µ\\\\\:\\9/\T\\\WN\\\vB=[j\!&yF@\~ݞ Bǚ{B͓Ma\ϛ]0\4ďν[P\g!q\y4u\1\͓^Vrh\{6iPZA*^\;\S4էSQhRx\\)sH\\ƉJ֩IJqLEFjwr\jE\"*\\"0-U\nhk\k\u*\\'*\\p\^s\\Gu/T\g2G\_8\gv\rDb\n}%s\+cG&\7\nG\Y\BɏT\\GdV#\VVp\YGZ\M:\@\KV]\X\\trs	URo\~rٵ\0^vC\"Qf\q\rܿ\;e\0\֫M2V\\\U\M\!G2+\B\0\7ZXC\\휐\dQpgi\+Ήfc#gc\OZ8\\fhf\U\01\Yv\N+A\"\"g_\{C\\Ե1mr!Ќ\Vxz\\\\\\a\\\+Ȧ\\bEF>\Q\4s\WS8\Td\\\\\<\\{\Z\\+Ҵu)\0\\\A]8=k2\'d\Wv\T\q\.\"6^*.x\@ʯB\\dTlPk@F\rhJRjJ)jXךVQ\hV&`\v`\+\0\Vl0)E=m\q\\n?Tg\\Pi\*rsYl\\\0WTJ\\n+\,&Z<.qTŜu}Fk^;HU\YSBַd9<\nۂTu<Qa\\ e\"+8ȩp0G5tK\"\+u!\|Y\\\"I\\;\1\8w+F~G\O_jV\\0\\\|\0:\S\rrs^\r\\3\\r?z\*溊čҊ\\\5u[5u\\Ι\j\n\\Z\uȚ\"\N\a\mhl2te\\r\sRЕ\\Z\5Z\mc[Bk\\syݫ\u\1ko\׿iM\Ʀ\\roi 5>\Q9R[?Z\n1A1Hb.TljX3C(\OS\0 \UeJ\t\yⵀLTh.\').\S\U\σV;x\\[*qAvf|\keS5\\\\T5\\\%tGc)54H\&rXF&\\5d\\*B7 *E\\0W#\u),)8\{\%6)lR*[@+p\\\\\Ïui\\fcų8\+i\\v5=PU~ƚb5`)njG2G\(\rMg}_?.{\5\x/\\uG\.#\۬\\g\.c\'E_\V9= mT`S\Z66k`/*\HJOSW\"\8\"nu3My280\\\Z\n\n/Z\~T\)3Gnؐi4psN\QzR	Y)mV-;jJ\\BU]\*\pA)aԣՖ? \ڴg\SVҵP\]Vqf`.N%RﬔHU\0}*,ab\Gi\j1\pe>sLKP\1S\֝\ \&g\\ȫ\2:\X4˳(3\H\?\`r\BX\ZꓧGX_\?κ;3#[;\B\7\[油Y\\\\\\O\0=bV8\\\}\\\Z\d*\~\Ze@\Z)I\G\[ҵY:3?}?=*A5G=yN.2]\60jVIujGu>ˊm\\r\\\\\q\"Z+ep\2W\c+g\Z\\5\f`Oʊq\\=Χt\\?\\\\\.n?ʽlc*\\\\4q\F+&\\j/>s]\<ŐRn\r*BA\q\Q1\\'4@\\3e\"ϙAzhP\\i\)/\\j\X\nj\h؞\^FǠ5\\\.Eq\|\-4)㱛:m\:ξ#{kf[W`;\0\Jox2\PZe\"\j#\\Q8l2\<\u\\ZNd6|\蚖\"EۘT\W~AlW|b\0[\?\v\\\ˎ\q\\}kmr\ ܟº8Ty\n=+I\kza@F!\W+W5\\RTy\"W{;\u6a[fX\\n/Nի\rSFd\PXѩ:\\\\Q\5W\"\UkD\HQ\\\@\0\I5*zթ\0u$W zfѰ\w\qW R\n\*3W\\"`Se\M<)^A}efO\ήRNHC\\\\qosZ2򦨶9I\jI\m<Ѷ1R\\`H8\P\\d\j\"E+ʤrE!cgPp_vig7\7N\\P{\Z\\ZMn\N\*\"$#J\J*\\S@Ѱ\xH\\uJݹR\O\\\"`\{\0]i\#;\:$(z\|F>ͮ\(FppkF\o#\6WG\^[b?\VT];EZ)\\'%|(35F\F\]CH\\λ6)f\o/\01_h\p:½8ԃRFݙ\j|\\IX[z\l>\UC\\#L\Z\\ң\\%rE\In\j6\Z[#5\#63\)ws\.\E7m0jR\nσ@\4)6\Zni<\(\0\OE\\⧏&HDSGҞ\\\Z9mR<}k\T\\Ɋǒ>iF\[q]y\H\\L\<l6iK>Ѭ]\"\\,m\0$w=\i\>^k\k^͍#k~\\\ذ4drW\˩\rŽ+\^\Z\n,NIꭀZ\\Z:/T,o%BC\Z\_M\b㡡d2q]	>k\bk\\d1/P\\%d!ry/-5sE;\[;$3\\8\!x`HL\}&,ڴfRN\rS2l\\Zc\\,w8ĉ\m<f[x0g\0th`\O5ibo2md1m[\9\n\R\n\^3\?\ʱ\\r :i VXn\.±\k\\Zz\OJi\Zc?h\R˸jI\\Lc*HɠJ\\L\j)%\sM\Yh]5\0\\L,	Nۚ@0uE3n)\[\H\2*\\P/ީ\"\**P!gk2\E&Gz\Tu.UM\0q^.u\\I\n`G}\'\\.H\m1\n4y\G\\n,\|;\\Ty+X\h;\rE9~|\T<;pntKG\'$.\}\0QYIY\{pD&\y\0\*M7\js7iV\\WSp2ֳbW\'5wM\T_h+:4&l\\'\=:L{G-\GX\tؕSqa>\nPSEW#h21r[\\w\\\Zf\L\4IYb恢-\\g0\\Tʣ! 榌b(@D8?\4S|\\&\3YE\m\\\\\	#4!\\gܧ\\%	\rcLjMȒg#jYg#X1!ÃW\]\Y\ֵ\v(cE\l5Qbz\vf~\\VBf0EO2d\nHjbR$\ٷ@8\Z\IQ\EZ!A)\\\6\\řP0$Q^D\.⥏Ht\4k	A\T#2([ԊX\hXP\Xw\\i\Y1\QqLKݒt\2<\V;!\@2nn6d_U8Fe\Zf,q@\㚕jT)0%qQԫҤB\-8S\\#djъ\nRn)\#oh*i\P\\\\@\7\44\3\HG\\mN{iq\\ \l\\\$:G\\\nWk/6\\\t3\\Tz}\ڕ-O~?Or\\\U\/D\0\Dl\0ys[:Z=\}c\]N\V,\R)9x_\"\8E\\q%\\\\&\-\\ϽU9ޒLG8\\aB\A5gT75ue2y:xPۊx\\AouaݤU*6`}\	2ne/&c#*\qdՏ+b\y \j\\bh0*ǃH\n\Xm Jb*~\#[=\R/\iPx\Uq\nhw3f$T\ڶz\qҩ0\\E\g\5\][V,\\'n\\ZӒ\\Bmڝ\S^.\\"\W\oX&-\c+/5~qUvW ^\0`[$֝~F$\\r]\sޑ,\4;G=I%s:lFkj9C\Q.,sC1\\"v3@#\sH\icP\}(4\$\ZI-O\\VděZIc@\oS\@\\em\n\UlV\L	Z=;\*µ)`M\0g!\Rj/m\ojpA\0)K\'Zu*e`\搇N	\\JG=\ET.8r\\ҼFa`;\\r\\0`\q;\\\\k1N+,c?QPہ\\\߉\vo1\\\\0T8^\uF\\4U;2xz\U\o7\\0Ei\=S]\\\&@hb\\\\.\\{D\=\׺\\~[xN{[_e/t?\_\'f2\'Gd\s\\0\?\Z\<0\\Ͻ\\t\|\\2ɰ/mq|\Jӌ\'\8\RVaA\TR\\=\>\Oq*A\8QKb Ye\\9\ECO\jEK\'pӸ<NU`\` .ъ<\CNU\\8K*?JDS\n˚PI\0zUvco5aҩ\'.32+}\8[_qP\ۍ\YƋ\K[Z\\9nq\C5JJ\R\\$xׁQ#\0-=(\m>c[pLA\Mm\\"\ՅaTzTW\L\wta\\0?l\)Zy\ʠEI`|\O8\\0GZڡX\J@\ri˅\Z\\%P\	!@\'XF*$ݵ\V_-MU\8l\ZU8\A\n\\\0b\r\&\R\n	\bU\a #ՙL|Lcx\ŚǊ\P&LSOݩ\ S\\X\\b\C(,H?]\f:Ƒ7\$_\R;ns6\/m\yT\>\4K]M\l򢵋V4\\RmwS*5ڼdww\mF\񎕃\0\\\\kO\dLrҳAnO\n|F\DŽM\ZO5\\r \'\zjj7\\,\M\LX:f=(0\)9@\\\Zp\'\3\\zK8\\\0J<Y$\\\l0f|qbe\ni@\\@\JqeZFVB\\c4@/J,|+Q\U\3E\gƇ}h\3\:RGn3<\O4Ц$JP+m5n1M\>!	-``k\nׄfFE;\Kd\nAFT(4|U\m@ʰ\<\0(\:\xCj^\p:Uk<P*S\Ux\\I\\&\*6ɹh`\55\b\r-QҘK\"䚡hݤ.A>%8S9\"6jT3@\U\95ZE\*\^*]\)t>LV\ܧɚa\[f>\\\	7ǚ*O\\\\\rv5=Vl\\$\@+D\V\~{Nk\<\Ů\Z\\0*I[ T\"m\(}ri4 X\0\\vf\GRj\rƬ:\qU]mY=OKP!\#zm9E0(`Z`Dԉ#)\⚒zҗ$:Ljg4EZ\r>\\AcJl)\*\MG_2iͦ\\G.@\0jЍ\\r_/\5s@\.9\*jJ	!\zUT\SSq*g4\nTf 4\\El\ZtH\N\i\{p1Y+J\Nn\\ \5S\;y\^W,\SӸɧ\\r֪,(.\88\##B\0޵&\RsL\\-I,h#5\0<1\9Z?5\0]|¯.1Y\\UH`R\KOV\\0;-MQ cMRrKU\T\U1zP#@X)\*S1L.g\ˊ\\WdWU*fuX0@\\x#$Vͱ(}l}\Ȑ~U#h\qYqH\i k#[#\Qk\iF,wq\T۳U|B\j_\\E7\Zl:\N:\7.Zΰo4f6V85uرE\0\\0+Fep+F\qR;\F)\\j,M\UZn\tjv\\`\\PL5;\\\@E3&@\i$Ҋ1A$\g5e׊2ۥVcЊ\	8Wi\V\"}1He\Ҫ\L)\	ʒ>U~M檭	@\Â\krz	e5!\5h/\LZE,y匓\g\\U!\CS#jՄ;*2\\4\\X\\2Ir8\\,婈<\r)$8K@RbH>Z\0rJS\q@7c3=*\r\z,j6xv\Ii\A#RA\\S|M)\ScҘ\r0\BǇB\E4\\\6\\K\8wY\\\nسR\\\,\=`ꏺ|]\ZN5Yޝ\\0ub\ɬtn\\'(+vª\0UD⩻-ɧ\NMN:SfAK\03GSI@\@eGh@iݩ!\KHhn(\;\ZCMY\\5QP&<(\K@\\Z@U|٫֙$\*­#\4|E&Kb\ŕcR\"i.m\=j\\s\ڒvz~YHr}~\6QY\\+NȢ%\J\b\h%w\\\n\-We!gP\\K(\\լՌ2 \!c\Vv\n\\\"\h DXMW8)_˞\޾k\Y#T\nwս7\\\6\4^\մ\A2\!\_STiVj~Y[I w\\I\\\$\\\W\5!֧,E\np\UH\GL\Sfwfiὴ\\Z\mgv\C\\F\'p\Sc\\\_%^\\FęH\LV\՘4W\\\ڟ.#J}\"\ӭTxX]o\.\\\\m^/+MM\"\[IщcGi֖\@c\-\gU{^gQCopX.yo!(Vm\\7`	s5\n\+߽\\r\\{[e\9>\\ǧZ\\2F#Q]\QS\\\UՇPsZ\K\\+G\Wט\UeziZֽ\^m]_&\ЃJ73(H<\r\KK\ ۹_o8f9j\2I(hذ u\'\\եTX\JA~S\<f\\kM?\w\ke@В\yi#)3G\rqԱ\\\y8ý@X\\\V<ڼhٹN\8\_O%ì\$HÀsPyNO]TZi\z\\s@\\<pOG%YT\Jh\\`#ϽfI\lr/evd\\#:V\c?vmh\\s\^W/v\Z\i&-ǻ{c5b+[.\F\"@r88\\R72\y\N>#jy\j1z\\\'(N\E\'\=\oug\\\JPW%\u2P>el\ҭIki#b\IߍdͨI&(\0?\\ҧMVYH\\\\W\z,\QRwI%\WBR0G#k#;t\ki\V(ƥ\\;=N:qQ\v\˘aؠ\2{j\e\ v\R\]8G\;Zn\췼Ku5;t[	\ Q9K0z}(\S\\Ks1pҴk!	<\"LC\[\އ\',NULL,NULL,NULL,'59P166480','2020-07-01 00:01:00','2020-07-01 00:00:00',5000,NULL,NULL),(3,1,'285723691',_binary '\\\0JFIF\0\0`\0`\0\0\\0C\0		\n\r\Z\Z $.\' \",#(7),01444\'9=82<.342\\0C			\r\r2!!22222222222222222222222222222222222222222222222222\0/\\"\0\\0\0\0\0\0\0\0\0\0\0\0	\n\\0\0\0\0}\0!1AQa\"q2#BR\$3br	\n\Z%&\'()*456789:CDEFGHIJSTUVWXYZcdefghijstuvwxyz\\\\\\\\\\\\\\\\\\\\\\\\\\\\\\0\0\0\0\0\0\0\0	\n\\0\0\0w\0!1AQaq\"2B	#3Rbr\\n$4\%\Z&\'()*56789:CDEFGHIJSTUVWXYZcdefghijstuvwxyz\\\\\\\\\\\\\\\\\\\\\\\\\\\\\0\0\0?\0v\U{\\0R;\\kK\B\pʷ6\ї\\\"-\8S\Z 98PkM\5\\vbܠmEqw1\W5phi1iPG=9g\P[*[mh\85k.!bMs.II>D\Ѵh\	\\Woi,QzrMhxz0\\Y5_ێ&j\Z;Ș\ZZ-s\\S\a\[Pٛ2hc%9\'\r\P=1W;\-R\E\ึ*$y\5 t9⢚5bnzz\񶽷帋/<C\'\o\0U%ch5\\\P?\\\q5܍4\F9f4*;aQ\a!f\+J\÷3\$K=\0VФ\\\\\\:\һ2ż\R%\\Bki4\0!s\ԣLJ?SJǩ20<\r3\\q\Ɨb9k\oc\Zf[nϰXu(Z79-Q}*\rwqv\\0fg8=a-\ZZt-!hMUX\sV\x,\:֝pme0\Ji3/\\0p#\Z\Z5\հS*!\5	\F\s\MX\{\0\m\\"ӭ;H-\X\\n\0J\\"Ext\E#!p\c\i+GlO-\*\$zoi\rZ\\Ӷ\vʜfV\4=\N\\L3zsթ9\\!\!a\@\r~EBjf\Q(`Hj\'\RQ?J\08/JG\EZ^pS@\c\"<P1\\Ҥ\M+\P\\oOcZ\WZc\Z\\\Qn\@\\~jGh\q]w\ZE\qz6t6֗6zdZ?\\Fx/\h\]X\\4՘a5Mz,#F\.=5s]DB\0`j6y85:8\ޯ\<O$zE7U\\\:\\'\Y/z+E\e\8\d	譎jB@zv04̟\=\\aRJ[w\\$˕\9\HZg3;X\v{.\M;\\Nj\.bTnoH՟pYVFg\D2\QCu\v֓\;Tj\a\QXd꣈EnGWH㢊\s6>ai\n3{־j1,qCQ\2ƦH\֝D\0@\0)CU3!\fEM{C̰I!sمi\nq\m덑<ĹlT|8Hٿ-YE\0ץ\Ijl3\\0\\\e\G\z0\"xdd*p\rzӢ2r1\rLF\\i;3\\\\\ d\\5\~\\Zb\\\0#~=\Zl,\9\C\\0\n\\:\\\ŷHd9,?w^q\Ό\}*\0cײxS\\Zֵdy\\@J\=LtH^?qB/Qҫ\zN\\Mƣ4Q\027\x	4\i*76=޼S\\t\kEq=\Ĥ\q\)\\\[ڝKy<O\\F{m:\\|\V6I(B\4\\>Xd\\\Sp J\J\\JUkƬ\i\\}K~>suy\\IٮZf\J|U<ަ?t$\|Ug\F-/wѬ[\zS\\0]r\k7\Cn\X\\Ϥ\\\\̗3$J\씚4ŧ\8q\n\\n\g\Q3PZLJe<\m`FjR8`V?\*\×\0SaS\@\r$\&ۚ6\+\\*=\H߻oa\ab\g<c\uwY[\+n1mSE\q޳\׉2\Rƶ,P<#\\Z\\_\%\U!?ø\5\r\ZS\/wL\\'.n$$K	6B[Hmƺe\%T].\\|\Z\aoQ\\\\\\Z`9\\\4\\'¡Y\"\Aֆ曺Բ\%ݼόJN}\\d\\k`כوf0\;onz֬\v\\kT\\ZT(^hSq>@\RWO\wy\'(\J*\Sҥէ\*\\\{Dlgʛ%ލwX\+\nnj\w;֖?r\޺K	\nI{O\\ \z\,X=\ҏ\ٛz\JZNU6fJ:Uy_\LRc@\1\\\1OZ,\Z\+\=i\Χq7\HQ\fˋzV].d\\P\CGrΚ\#\20\jM\>\nPx%\\\HG)\\#7.MmRg5\\d]#2\ֽ\#]G\m>e\@ꃚU%s\1=@\ry\\-67\S)(gڽ\nk\bk:像\ja+3\b>O3\[v\jpC\Eg_F\H\?\bVr(j#\\cb̒=\\$\S\:)\nzlGl\G\\դ0\	G𜚣\\\C\0vuk$>\\\8O\lt{k,c_^\\qG\\rtdU_CAjJ4CJ\\r#!\D\\5ix\a\IL=h1\\h\\\&R\rRcCֆ\6q=)\x=*\\Zw\n\riY\i\vis\m\sۧ\5\n\\0\|}1\\"1Yz2Iy7wl\\\\	Ji\p\?\a\nUZv\u\r\_\#\\׎^\N2+\<\rs\K$FRqb`<\\nF9JU&5<g\uj\LΐbS\'5QD 5Ў~\c\Un\R\~je\\5\mNy%B_wZ\\u4ԭb\sz\;Gd[\Mg2\\k\E[sG\Ej\r/W\-\I\☯e\#jgݩ:\\\YrہW.iq\\n+lXZ`Ǔ]Ъ+=L\Zi\M\U$$bKRj>\4E\'ݮO^דM[tP\A\+\Yb9v0F\֡..c\*\֬\N^+\\n\\]N2X\~-Nh?]\Մ\\xN\\0J\\S.̽\O\VRLuU\6\o$R\3gQ\)J/\ա \ccn-a\\Fї89\'ubr.9K\\"\\\\q[m\\\.5&\\kkwZ\\$a\;W-\'nV\"Ҷ\6OjɵЊ.z\0,Mz\ԣ\:UG\\Bq-\x΃ޛ◑R\\b\>\Q\>\"q\?Ҫ\\TܓM\)K\\ ⢗\Z\fh#xwOӘSl\\nk}>Oy\l<4[H坮r_\z\g\CO]fne?W5\\2\+H~?Zj7N{\P;f\s	R(ibo4\^8\zsq\Ei:\Dj~\Ԛًc)ILR$\rNÊf\`EISȤJCHԝ\r2E0F\Reʞ)!#2wSZ\\\Z\Udkfb\%ʲ\u\0\\`vN\\,\\qPZ\'`>1h0|яjC$o\\-SIbso(<\~à\j?\\1\";cz\V]\n\٪H\\\Au\:\o\{R\\\rq,*tbe)\"bXqU%ZgwQSc\\F\Zek.\\v-88\+/[]\U\M\TW\FG+X\\m\m$uqU[J.rK.\0澇O:ବŎKIhl\\\ڽK<ּ\\6*{[ۍ>\;vé\\\8\"ΘNǤ\X\~鿝`\LzkV12W\\Mɝ\=q\):wL;X۹8k{ _N\r%@X\-\Hһ-\ۭ6d\2P$NGBf\L6\_\\ٍѻݝ\\_\4Ѽ{\\nkћjz\v\4c\\&vFZjYr\Og+}o$Hڴ4\\\\\ݥqYr[\\>E\]U65h89>\n\x{S\-\{H#h\\\WSiAr^^9\'\'*魼+\hcUE\Y7\,\S^\\GY\GKU\.\k\Km\\"qto*\M08j.T\\\Y\꿯K²܏qP]\c\1^\PX\6H;1E\Ñ?\l©6cWjxF9)A(\\W\\Ah\]rJ8\yn h!dV8Y\\\kz}\ZP[aֺ}3Y:\\n\ ךl|\n\m\\m\S\hN\\Zjk7\[\\$\rm\\*\Z1h\)*;~TUf\n\qQee\!4dzS\M\@	\*&^*\\)h\nfqS\E9Aɩ3֚RHcvzT \VZ\Pi\\@\XZu\\X_#%A55zmpPo\v?=\=\i\n\'~o<;\\z4597$HGzd\\"/giLȓ.\Kpzyc̼Mմ\V#N~5tV~IܕdÏ´\Gx\\\O\)򡽙w\^z\[6<AZ`:c\'\Ec\c\l\j\:UUYWW1D\\",Ϣ,eM\\"\٭R\)x\5kc@8WKM 8$`\Z\&m2\\^!=jc\\`QD*Tڞs\!r*0\85ҁy>{S	VlU\K,N\0EWCݬտW&KS\$\\֢o;[vO\\\v٪\\\\\\n ,\ߗҬG{M3c\\\L\\UPW;x]2=ji\4\\s\ba\GRF\\\\6 a\\5̧{I})\d\,\k\;\\\\08u\\\>\	<9h3\\?Z\5\0\ZL+/d \\qI\\y|d6\E֋ku5\\feI9\"i[\Pku6\$.8Rrr\rOa\iZ\ѿg|\\+\\lg\t\GO\\.\3\+#TVg\nr\j4\Zǌn!\P,\\>\\5迋\x\\0-c[]VowӾvwq4xnʆ\oV\#\"\&\\Q]\'\5\\ۮ*dZb\OY-\\S\\>\}\\M;\z7ƨ\[de\"n\Sē*~\\H\"nխ\\ׂH\p\\{UvɁ6q]V\\0+fGW#\\}atƧESA6DM\\W4(8\v\\P[\S\Ę\m\#*la\\l\\EmE]\UOkAW\I-D\V\TlSmqL\ZaZ\mQԍQ\\0T^e=\E@Fhc&\Ax7[\QA\Z\Zk\\V+V\"L5evV\֛o\"\\\Fh\\\\	P]\"\Hý\IEq	\y&h.C8{T2y\S&lɚto\\\)y&??	H\%X\!,<\r>Г4\r\\!\'\$\\O<cek6\FeST\oj\\0\\-g\a\1\u1\l5kKn׌\\c𭥬X2P0i\fIFXG4\\;U}SBWh/>:\Z\\\+\q8\t;aN<r\{c\\\U)=z48\\\>Q\\ז\\\\Υ$CR:W\Ƽ|\eMB\"\"-i\Z\@Ǳдbmh\0pSM\\\S\QmY\,Xk7s^KD\1&2\r>\\\0\\\M\k\\riC(E5N\{\\\?w+͆\\Z,#\VIs\6:\{Ѝg54@f`\ԅO4 \fv=\\"\yYLkѦ\t\!1^M躕\\?J\W\\u	R=\"\[\>\\J\goM7-h\\Zm5V\\\\_\s\Jm\yka}c1\]	\[\u^Z\\\m\ln.%\lg\\F\ji0\dfܬ;{\n\,A$\,W\'\p\@)fA\vsҖ\S\]T_.\T\95z\\\S\\\\FϷ\4$s$O:\xF3$l>\\MhV֗	C\Z\4ϣ\\\Z<s{$ԮKh\\c\\"\}*\'!lI?x[\j(=+\-/\5	\θ\\&Q\da\#H\Z*w.tz&\D\H^+Q\K\\\nd\\Z3\OfB\\0U\0\QjG\"\\˾U\xΪ\?\Z\*\^*+\qV\2/4\Q\,M\7U#AER9ʜԬ9qQb\4b#\!l\n\uq\4Ț\G\Xvˬ\JRn/Z\	\*r\q	Il#_z\K\K0_Z\md\џZƹDˑқc*\\0#v>S;\\[9m4\RJ[*j#\y\,n\\\\}ȯB\\.굍=$S\?U\3LIs\x\k/tin\Âmu`7Nt	#(\Z\Aq\\\:P2\\\\Mv \rs\'\\6\5^(\qи\0\7`֔\ʛR\\\\ef`CsWx\Bl\	\b\\wA\k\بקu\\fjٌ[/h\"XlH\V\fٌڵ1\*LRح\!JԄsR2\\B\\<C\\$5D*\MYv\d9NsW!sN\G\Zs\I\ZEG\J\V+>d\晪g|\'\\v\Z\A\\"ҤM]!r+S&o\\1]EΫeeo\\2\PS\\\\\TM_Sc\i\nZ\\\\\7Ki}h\)2Hl?^\VsA$\\]o\\\<Sj6\b ❌ܓV4:\]o\S0\B1\0Yl\"!6\r\y4iDO\r\ko6%O(\\\\{M1]=bvuɡX\\y{;JDEm\9 g\g\E?޶:\,m\IOda>5\x\SYҵ6\\R\$\np\0\?:\nh\\yѵdauY?P+î\&r0VwҴ\B\@QC=\\\k\n|?\\\0\Z\\\^=+WK\\\=V5d\nAF\rU\nz\:ɦ)\\"8\Tz5d?>\l\)4szEe\Fj\@@\+/÷>v\i+l>\\&\O(\_ܤ\A4\ro@\ZrD1U^*V\%*\'^*\-B\\=֫IZEC*(ȧU(+\\".E&M(\n\\\Mt͎*73NO\3@ˊ\5amI4q܆1pj]i\sE̐k\5>`p#\\\PGl*\rD|ڝks\\ST\(9mJ1%\Gɑ[\\\>״\\cKǡC\\ʷ^\K{X>ͯ\Y\pr?µ\\\\\:\\9/\T\\\WN\\\vB=[j\!&yF@\~ݞ Bǚ{B͓Ma\ϛ]0\4ďν[P\g!q\y4u\1\͓^Vrh\{6iPZA*^\;\S4էSQhRx\\)sH\\ƉJ֩IJqLEFjwr\jE\"*\\"0-U\nhk\k\u*\\'*\\p\^s\\Gu/T\g2G\_8\gv\rDb\n}%s\+cG&\7\nG\Y\BɏT\\GdV#\VVp\YGZ\M:\@\KV]\X\\trs	URo\~rٵ\0^vC\"Qf\q\rܿ\;e\0\֫M2V\\\U\M\!G2+\B\0\7ZXC\\휐\dQpgi\+Ήfc#gc\OZ8\\fhf\U\01\Yv\N+A\"\"g_\{C\\Ե1mr!Ќ\Vxz\\\\\\a\\\+Ȧ\\bEF>\Q\4s\WS8\Td\\\\\<\\{\Z\\+Ҵu)\0\\\A]8=k2\'d\Wv\T\q\.\"6^*.x\@ʯB\\dTlPk@F\rhJRjJ)jXךVQ\hV&`\v`\+\0\Vl0)E=m\q\\n?Tg\\Pi\*rsYl\\\0WTJ\\n+\,&Z<.qTŜu}Fk^;HU\YSBַd9<\nۂTu<Qa\\ e\"+8ȩp0G5tK\"\+u!\|Y\\\"I\\;\1\8w+F~G\O_jV\\0\\\|\0:\S\rrs^\r\\3\\r?z\*溊čҊ\\\5u[5u\\Ι\j\n\\Z\uȚ\"\N\a\mhl2te\\r\sRЕ\\Z\5Z\mc[Bk\\syݫ\u\1ko\׿iM\Ʀ\\roi 5>\Q9R[?Z\n1A1Hb.TljX3C(\OS\0 \UeJ\t\yⵀLTh.\').\S\U\σV;x\\[*qAvf|\keS5\\\\T5\\\%tGc)54H\&rXF&\\5d\\*B7 *E\\0W#\u),)8\{\%6)lR*[@+p\\\\\Ïui\\fcų8\+i\\v5=PU~ƚb5`)njG2G\(\rMg}_?.{\5\x/\\uG\.#\۬\\g\.c\'E_\V9= mT`S\Z66k`/*\HJOSW\"\8\"nu3My280\\\Z\n\n/Z\~T\)3Gnؐi4psN\QzR	Y)mV-;jJ\\BU]\*\pA)aԣՖ? \ڴg\SVҵP\]Vqf`.N%RﬔHU\0}*,ab\Gi\j1\pe>sLKP\1S\֝\ \&g\\ȫ\2:\X4˳(3\H\?\`r\BX\ZꓧGX_\?κ;3#[;\B\7\[油Y\\\\\\O\0=bV8\\\}\\\Z\d*\~\Ze@\Z)I\G\[ҵY:3?}?=*A5G=yN.2]\60jVIujGu>ˊm\\r\\\\\q\"Z+ep\2W\c+g\Z\\5\f`Oʊq\\=Χt\\?\\\\\.n?ʽlc*\\\\4q\F+&\\j/>s]\<ŐRn\r*BA\q\Q1\\'4@\\3e\"ϙAzhP\\i\)/\\j\X\nj\h؞\^FǠ5\\\.Eq\|\-4)㱛:m\:ξ#{kf[W`;\0\Jox2\PZe\"\j#\\Q8l2\<\u\\ZNd6|\蚖\"EۘT\W~AlW|b\0[\?\v\\\ˎ\q\\}kmr\ ܟº8Ty\n=+I\kza@F!\W+W5\\RTy\"W{;\u6a[fX\\n/Nի\rSFd\PXѩ:\\\\Q\5W\"\UkD\HQ\\\@\0\I5*zթ\0u$W zfѰ\w\qW R\n\*3W\\"`Se\M<)^A}efO\ήRNHC\\\\qosZ2򦨶9I\jI\m<Ѷ1R\\`H8\P\\d\j\"E+ʤrE!cgPp_vig7\7N\\P{\Z\\ZMn\N\*\"$#J\J*\\S@Ѱ\xH\\uJݹR\O\\\"`\{\0]i\#;\:$(z\|F>ͮ\(FppkF\o#\6WG\^[b?\VT];EZ)\\'%|(35F\F\]CH\\λ6)f\o/\01_h\p:½8ԃRFݙ\j|\\IX[z\l>\UC\\#L\Z\\ң\\%rE\In\j6\Z[#5\#63\)ws\.\E7m0jR\nσ@\4)6\Zni<\(\0\OE\\⧏&HDSGҞ\\\Z9mR<}k\T\\Ɋǒ>iF\[q]y\H\\L\<l6iK>Ѭ]\"\\,m\0$w=\i\>^k\k^͍#k~\\\ذ4drW\˩\rŽ+\^\Z\n,NIꭀZ\\Z:/T,o%BC\Z\_M\b㡡d2q]	>k\bk\\d1/P\\%d!ry/-5sE;\[;$3\\8\!x`HL\}&,ڴfRN\rS2l\\Zc\\,w8ĉ\m<f[x0g\0th`\O5ibo2md1m[\9\n\R\n\^3\?\ʱ\\r :i VXn\.±\k\\Zz\OJi\Zc?h\R˸jI\\Lc*HɠJ\\L\j)%\sM\Yh]5\0\\L,	Nۚ@0uE3n)\[\H\2*\\P/ީ\"\**P!gk2\E&Gz\Tu.UM\0q^.u\\I\n`G}\'\\.H\m1\n4y\G\\n,\|;\\Ty+X\h;\rE9~|\T<;pntKG\'$.\}\0QYIY\{pD&\y\0\*M7\js7iV\\WSp2ֳbW\'5wM\T_h+:4&l\\'\=:L{G-\GX\tؕSqa>\nPSEW#h21r[\\w\\\Zf\L\4IYb恢-\\g0\\Tʣ! 榌b(@D8?\4S|\\&\3YE\m\\\\\	#4!\\gܧ\\%	\rcLjMȒg#jYg#X1!ÃW\]\Y\ֵ\v(cE\l5Qbz\vf~\\VBf0EO2d\nHjbR$\ٷ@8\Z\IQ\EZ!A)\\\6\\řP0$Q^D\.⥏Ht\4k	A\T#2([ԊX\hXP\Xw\\i\Y1\QqLKݒt\2<\V;!\@2nn6d_U8Fe\Zf,q@\㚕jT)0%qQԫҤB\-8S\\#djъ\nRn)\#oh*i\P\\\\@\7\44\3\HG\\mN{iq\\ \l\\\$:G\\\nWk/6\\\t3\\Tz}\ڕ-O~?Or\\\U\/D\0\Dl\0ys[:Z=\}c\]N\V,\R)9x_\"\8E\\q%\\\\&\-\\ϽU9ޒLG8\\aB\A5gT75ue2y:xPۊx\\AouaݤU*6`}\	2ne/&c#*\qdՏ+b\y \j\\bh0*ǃH\n\Xm Jb*~\#[=\R/\iPx\Uq\nhw3f$T\ڶz\qҩ0\\E\g\5\][V,\\'n\\ZӒ\\Bmڝ\S^.\\"\W\oX&-\c+/5~qUvW ^\0`[$֝~F$\\r]\sޑ,\4;G=I%s:lFkj9C\Q.,sC1\\"v3@#\sH\icP\}(4\$\ZI-O\\VděZIc@\oS\@\\em\n\UlV\L	Z=;\*µ)`M\0g!\Rj/m\ojpA\0)K\'Zu*e`\搇N	\\JG=\ET.8r\\ҼFa`;\\r\\0`\q;\\\\k1N+,c?QPہ\\\߉\vo1\\\\0T8^\uF\\4U;2xz\U\o7\\0Ei\=S]\\\&@hb\\\\.\\{D\=\׺\\~[xN{[_e/t?\_\'f2\'Gd\s\\0\?\Z\<0\\Ͻ\\t\|\\2ɰ/mq|\Jӌ\'\8\RVaA\TR\\=\>\Oq*A\8QKb Ye\\9\ECO\jEK\'pӸ<NU`\` .ъ<\CNU\\8K*?JDS\n˚PI\0zUvco5aҩ\'.32+}\8[_qP\ۍ\YƋ\K[Z\\9nq\C5JJ\R\\$xׁQ#\0-=(\m>c[pLA\Mm\\"\ՅaTzTW\L\wta\\0?l\)Zy\ʠEI`|\O8\\0GZڡX\J@\ri˅\Z\\%P\	!@\'XF*$ݵ\V_-MU\8l\ZU8\A\n\\\0b\r\&\R\n	\bU\a #ՙL|Lcx\ŚǊ\P&LSOݩ\ S\\X\\b\C(,H?]\f:Ƒ7\$_\R;ns6\/m\yT\>\4K]M\l򢵋V4\\RmwS*5ڼdww\mF\񎕃\0\\\\kO\dLrҳAnO\n|F\DŽM\ZO5\\r \'\zjj7\\,\M\LX:f=(0\)9@\\\Zp\'\3\\zK8\\\0J<Y$\\\l0f|qbe\ni@\\@\JqeZFVB\\c4@/J,|+Q\U\3E\gƇ}h\3\:RGn3<\O4Ц$JP+m5n1M\>!	-``k\nׄfFE;\Kd\nAFT(4|U\m@ʰ\<\0(\:\xCj^\p:Uk<P*S\Ux\\I\\&\*6ɹh`\55\b\r-QҘK\"䚡hݤ.A>%8S9\"6jT3@\U\95ZE\*\^*]\)t>LV\ܧɚa\[f>\\\	7ǚ*O\\\\\rv5=Vl\\$\@+D\V\~{Nk\<\Ů\Z\\0*I[ T\"m\(}ri4 X\0\\vf\GRj\rƬ:\qU]mY=OKP!\#zm9E0(`Z`Dԉ#)\⚒zҗ$:Ljg4EZ\r>\\AcJl)\*\MG_2iͦ\\G.@\0jЍ\\r_/\5s@\.9\*jJ	!\zUT\SSq*g4\nTf 4\\El\ZtH\N\i\{p1Y+J\Nn\\ \5S\;y\^W,\SӸɧ\\r֪,(.\88\##B\0޵&\RsL\\-I,h#5\0<1\9Z?5\0]|¯.1Y\\UH`R\KOV\\0;-MQ cMRrKU\T\U1zP#@X)\*S1L.g\ˊ\\WdWU*fuX0@\\x#$Vͱ(}l}\Ȑ~U#h\qYqH\i k#[#\Qk\iF,wq\T۳U|B\j_\\E7\Zl:\N:\7.Zΰo4f6V85uرE\0\\0+Fep+F\qR;\F)\\j,M\UZn\tjv\\`\\PL5;\\\@E3&@\i$Ҋ1A$\g5e׊2ۥVcЊ\	8Wi\V\"}1He\Ҫ\L)\	ʒ>U~M檭	@\Â\krz	e5!\5h/\LZE,y匓\g\\U!\CS#jՄ;*2\\4\\X\\2Ir8\\,婈<\r)$8K@RbH>Z\0rJS\q@7c3=*\r\z,j6xv\Ii\A#RA\\S|M)\ScҘ\r0\BǇB\E4\\\6\\K\8wY\\\nسR\\\,\=`ꏺ|]\ZN5Yޝ\\0ub\ɬtn\\'(+vª\0UD⩻-ɧ\NMN:SfAK\03GSI@\@eGh@iݩ!\KHhn(\;\ZCMY\\5QP&<(\K@\\Z@U|٫֙$\*­#\4|E&Kb\ŕcR\"i.m\=j\\s\ڒvz~YHr}~\6QY\\+NȢ%\J\b\h%w\\\n\-We!gP\\K(\\լՌ2 \!c\Vv\n\\\"\h DXMW8)_˞\޾k\Y#T\nwս7\\\6\4^\մ\A2\!\_STiVj~Y[I w\\I\\\$\\\W\5!֧,E\np\UH\GL\Sfwfiὴ\\Z\mgv\C\\F\'p\Sc\\\_%^\\FęH\LV\՘4W\\\ڟ.#J}\"\ӭTxX]o\.\\\\m^/+MM\"\[IщcGi֖\@c\-\gU{^gQCopX.yo!(Vm\\7`	s5\n\+߽\\r\\{[e\9>\\ǧZ\\2F#Q]\QS\\\UՇPsZ\K\\+G\Wט\UeziZֽ\^m]_&\ЃJ73(H<\r\KK\ ۹_o8f9j\2I(hذ u\'\\եTX\JA~S\<f\\kM?\w\ke@В\yi#)3G\rqԱ\\\y8ý@X\\\V<ڼhٹN\8\_O%ì\$HÀsPyNO]TZi\z\\s@\\<pOG%YT\Jh\\`#ϽfI\lr/evd\\#:V\c?vmh\\s\^W/v\Z\i&-ǻ{c5b+[.\F\"@r88\\R72\y\N>#jy\j1z\\\'(N\E\'\=\oug\\\JPW%\u2P>el\ҭIki#b\IߍdͨI&(\0?\\ҧMVYH\\\\W\z,\QRwI%\WBR0G#k#;t\ki\V(ƥ\\;=N:qQ\v\˘aؠ\2{j\e\ v\R\]8G\;Zn\췼Ku5;t[	\ Q9K0z}(\S\\Ks1pҴk!	<\"LC\[\އ\',NULL,NULL,NULL,'59P166480','2020-07-01 00:02:00','2020-07-01 06:00:00',5000,NULL,NULL),(4,NULL,NULL,NULL,NULL,NULL,NULL,'59-P166480','2020-07-01 00:03:00','2020-07-03 06:00:00',5000,NULL,NULL),(5,NULL,NULL,NULL,NULL,NULL,NULL,'59-P166480','2020-07-01 00:04:00','2020-07-01 00:00:00',NULL,'1234567',NULL),(6,NULL,NULL,NULL,NULL,NULL,NULL,NULL,'2020-07-22 12:56:20','2020-07-01 00:00:00',NULL,'1234567',NULL),(7,NULL,NULL,NULL,NULL,NULL,NULL,NULL,'2020-08-02 02:08:38','2020-08-02 02:08:38',NULL,'1234567',NULL);
/*!40000 ALTER TABLE `history` ENABLE KEYS */;
UNLOCK TABLES;

--
-- Table structure for table `price`
--

DROP TABLE IF EXISTS `price`;
/*!40101 SET @saved_cs_client     = @@character_set_client */;
 SET character_set_client = utf8mb4 ;
CREATE TABLE `price` (
  `id` bigint(20) NOT NULL AUTO_INCREMENT,
  `id_vehicletype` int(20) NOT NULL,
  `dayprice` int(10) NOT NULL,
  `monthprice` int(10) NOT NULL,
  `startdate` timestamp NOT NULL,
  `enddate` timestamp NULL DEFAULT NULL,
  `status` int(2) NOT NULL,
  `createdby` varchar(255) CHARACTER SET utf8 COLLATE utf8_bin DEFAULT NULL,
  `createddate` timestamp NULL DEFAULT NULL,
  `modifiedby` varchar(255) CHARACTER SET utf8 COLLATE utf8_bin DEFAULT NULL,
  `modifieddate` timestamp NULL DEFAULT NULL,
  PRIMARY KEY (`id`),
  KEY `fk1_price_user` (`createdby`),
  KEY `fk2_price_user` (`modifiedby`),
  CONSTRAINT `fk1_price_user` FOREIGN KEY (`createdby`) REFERENCES `user` (`id`),
  CONSTRAINT `fk2_price_user` FOREIGN KEY (`modifiedby`) REFERENCES `user` (`id`),
  CONSTRAINT `fk_price_vehicle` FOREIGN KEY (`id`) REFERENCES `vehicletype` (`id`)
) ENGINE=InnoDB AUTO_INCREMENT=3 DEFAULT CHARSET=utf8 COLLATE=utf8_bin;
/*!40101 SET character_set_client = @saved_cs_client */;

--
-- Dumping data for table `price`
--

LOCK TABLES `price` WRITE;
/*!40000 ALTER TABLE `price` DISABLE KEYS */;
INSERT INTO `price` VALUES (1,1,5000,100000,'2020-06-30 17:00:00','2020-09-29 17:00:00',1,NULL,NULL,NULL,NULL),(2,2,6000,120000,'2020-06-30 17:00:00','2020-09-29 17:00:00',1,NULL,NULL,NULL,NULL);
/*!40000 ALTER TABLE `price` ENABLE KEYS */;
UNLOCK TABLES;

--
-- Table structure for table `rentdetail`
--

DROP TABLE IF EXISTS `rentdetail`;
/*!40101 SET @saved_cs_client     = @@character_set_client */;
 SET character_set_client = utf8mb4 ;
CREATE TABLE `rentdetail` (
  `id` bigint(20) NOT NULL,
  `plateno` varchar(45) CHARACTER SET utf8 COLLATE utf8_bin DEFAULT NULL,
  `framenumber` varchar(45) CHARACTER SET utf8 COLLATE utf8_bin DEFAULT NULL,
  `machinenumber` varchar(45) CHARACTER SET utf8 COLLATE utf8_bin DEFAULT NULL,
  `enddate` timestamp NULL DEFAULT NULL,
  `id_customer` varchar(45) CHARACTER SET utf8 COLLATE utf8_bin DEFAULT NULL,
  `id_price` bigint(20) DEFAULT NULL,
  `id_vehicletype` bigint(20) DEFAULT NULL,
  `status` int(2) NOT NULL,
  `createdby` varchar(255) CHARACTER SET utf8 COLLATE utf8_bin DEFAULT NULL,
  `createddate` timestamp NULL DEFAULT NULL,
  `modifiedby` varchar(255) CHARACTER SET utf8 COLLATE utf8_bin DEFAULT NULL,
  `modifieddate` timestamp NULL DEFAULT NULL,
  PRIMARY KEY (`id`),
  KEY `fk1_rentdetail_user` (`createdby`),
  KEY `fk2_rentdetail_user` (`modifiedby`),
  KEY `fk_rentdetail_customer` (`id_customer`),
  KEY `fk_rentdetail_vehicletype` (`id_vehicletype`),
  KEY `fk_rentdetail_price` (`id_price`),
  CONSTRAINT `fk1_rentdetail_user` FOREIGN KEY (`createdby`) REFERENCES `user` (`id`),
  CONSTRAINT `fk2_rentdetail_user` FOREIGN KEY (`modifiedby`) REFERENCES `user` (`id`),
  CONSTRAINT `fk_rentdetail_customer` FOREIGN KEY (`id_customer`) REFERENCES `customer` (`id`),
  CONSTRAINT `fk_rentdetail_price` FOREIGN KEY (`id_price`) REFERENCES `price` (`id`),
  CONSTRAINT `fk_rentdetail_vehicletype` FOREIGN KEY (`id_vehicletype`) REFERENCES `vehicletype` (`id`)
) ENGINE=InnoDB DEFAULT CHARSET=utf8 COLLATE=utf8_bin;
/*!40101 SET character_set_client = @saved_cs_client */;

--
-- Dumping data for table `rentdetail`
--

LOCK TABLES `rentdetail` WRITE;
/*!40000 ALTER TABLE `rentdetail` DISABLE KEYS */;
INSERT INTO `rentdetail` VALUES (1,'59P166480','8X15D01653','Z956Y0K651','2020-08-31 17:00:00','285723691',1,1,1,NULL,NULL,NULL,NULL),(2,'59-e121500','5LK018U4PL','98J7K15975','2020-08-31 17:00:00','296705613',1,2,1,NULL,NULL,NULL,NULL);
/*!40000 ALTER TABLE `rentdetail` ENABLE KEYS */;
UNLOCK TABLES;

--
-- Table structure for table `role`
--

DROP TABLE IF EXISTS `role`;
/*!40101 SET @saved_cs_client     = @@character_set_client */;
 SET character_set_client = utf8mb4 ;
CREATE TABLE `role` (
  `id` bigint(20) NOT NULL AUTO_INCREMENT,
  `name` varchar(255) CHARACTER SET utf8 COLLATE utf8_general_ci NOT NULL,
  `status` int(2) NOT NULL,
  `createdby` varchar(45) CHARACTER SET utf8 COLLATE utf8_bin DEFAULT NULL,
  `createddate` timestamp NULL DEFAULT NULL,
  `modifiedby` varchar(45) CHARACTER SET utf8 COLLATE utf8_bin DEFAULT NULL,
  `modifieddate` timestamp NULL DEFAULT NULL,
  PRIMARY KEY (`id`),
  KEY `fk1_role_user` (`createdby`),
  KEY `fk2_role_user` (`modifiedby`),
  CONSTRAINT `fk1_role_user` FOREIGN KEY (`createdby`) REFERENCES `user` (`id`),
  CONSTRAINT `fk2_role_user` FOREIGN KEY (`modifiedby`) REFERENCES `user` (`id`)
) ENGINE=InnoDB AUTO_INCREMENT=3 DEFAULT CHARSET=utf8 COLLATE=utf8_bin;
/*!40101 SET character_set_client = @saved_cs_client */;

--
-- Dumping data for table `role`
--

LOCK TABLES `role` WRITE;
/*!40000 ALTER TABLE `role` DISABLE KEYS */;
INSERT INTO `role` VALUES (1,'MANAGER',1,NULL,NULL,NULL,NULL),(2,'EMPLOYEE',1,NULL,NULL,NULL,NULL);
/*!40000 ALTER TABLE `role` ENABLE KEYS */;
UNLOCK TABLES;

--
-- Table structure for table `user`
--

DROP TABLE IF EXISTS `user`;
/*!40101 SET @saved_cs_client     = @@character_set_client */;
 SET character_set_client = utf8mb4 ;
CREATE TABLE `user` (
  `id` varchar(45) CHARACTER SET utf8 COLLATE utf8_bin NOT NULL,
  `password` varchar(255) CHARACTER SET utf8 COLLATE utf8_bin NOT NULL,
  `name` varchar(255) CHARACTER SET utf8 COLLATE utf8_general_ci NOT NULL,
  `addr` varchar(255) CHARACTER SET utf8 COLLATE utf8_general_ci NOT NULL,
  `gender` int(2) NOT NULL,
  `phoneNo` varchar(45) CHARACTER SET utf8 COLLATE utf8_bin NOT NULL,
  `managerid` varchar(45) CHARACTER SET utf8 COLLATE utf8_bin DEFAULT NULL,
  `status` int(2) NOT NULL,
  `createdby` varchar(45) CHARACTER SET utf8 COLLATE utf8_bin DEFAULT NULL,
  `createddate` timestamp NULL DEFAULT NULL,
  `modifiedby` varchar(255) CHARACTER SET utf8 COLLATE utf8_bin DEFAULT NULL,
  `modifieddate` timestamp NULL DEFAULT NULL,
  PRIMARY KEY (`id`),
  KEY `fk1_user_user_idx` (`managerid`),
  KEY `fk2_user_user_idx` (`createdby`),
  KEY `fk3_user_user_idx` (`modifiedby`),
  CONSTRAINT `fk1_user_user` FOREIGN KEY (`managerid`) REFERENCES `user` (`id`),
  CONSTRAINT `fk2_user_user` FOREIGN KEY (`createdby`) REFERENCES `user` (`id`)
) ENGINE=InnoDB DEFAULT CHARSET=utf8 COLLATE=utf8_bin;
/*!40101 SET character_set_client = @saved_cs_client */;

--
-- Dumping data for table `user`
--

LOCK TABLES `user` WRITE;
/*!40000 ALTER TABLE `user` DISABLE KEYS */;
INSERT INTO `user` VALUES ('12345','$2a$10$EblZqNptyYvcLm/VwDCVAuBjzZOI7khzdyGPBr08PpIi0na624b8.','Nhân Viên 2','Linh Trung, Thủ Đức',0,'0123456789','123456',0,NULL,NULL,NULL,NULL),('123456','$2a$10$EblZqNptyYvcLm/VwDCVAuBjzZOI7khzdyGPBr08PpIi0na624b8.','Huỳnh Đăng Nguyện','Linh Trung, Thủ Đức',1,'0984609990',NULL,1,NULL,NULL,NULL,NULL),('1234567','$2a$10$EblZqNptyYvcLm/VwDCVAuBjzZOI7khzdyGPBr08PpIi0na624b8.','Nhân Viên 1','Linh Trung, Thủ Đức',1,'0123456789','123456',1,NULL,NULL,NULL,NULL);
/*!40000 ALTER TABLE `user` ENABLE KEYS */;
UNLOCK TABLES;

--
-- Table structure for table `user_role`
--

DROP TABLE IF EXISTS `user_role`;
/*!40101 SET @saved_cs_client     = @@character_set_client */;
 SET character_set_client = utf8mb4 ;
CREATE TABLE `user_role` (
  `id_user` varchar(45) CHARACTER SET utf8 COLLATE utf8_bin NOT NULL,
  `id_role` bigint(20) NOT NULL,
  PRIMARY KEY (`id_user`,`id_role`),
  KEY `user_role_role_fk_idx` (`id_role`),
  CONSTRAINT `fk_user_role_role` FOREIGN KEY (`id_role`) REFERENCES `role` (`id`),
  CONSTRAINT `fk_user_role_user` FOREIGN KEY (`id_user`) REFERENCES `user` (`id`)
) ENGINE=InnoDB DEFAULT CHARSET=utf8 COLLATE=utf8_bin;
/*!40101 SET character_set_client = @saved_cs_client */;

--
-- Dumping data for table `user_role`
--

LOCK TABLES `user_role` WRITE;
/*!40000 ALTER TABLE `user_role` DISABLE KEYS */;
INSERT INTO `user_role` VALUES ('123456',1),('12345',2),('123456',2),('1234567',2);
/*!40000 ALTER TABLE `user_role` ENABLE KEYS */;
UNLOCK TABLES;

--
-- Table structure for table `vehicletype`
--

DROP TABLE IF EXISTS `vehicletype`;
/*!40101 SET @saved_cs_client     = @@character_set_client */;
 SET character_set_client = utf8mb4 ;
CREATE TABLE `vehicletype` (
  `id` bigint(20) NOT NULL AUTO_INCREMENT,
  `name` varchar(255) CHARACTER SET utf8 COLLATE utf8_general_ci NOT NULL,
  `status` int(2) NOT NULL,
  `createdby` varchar(45) CHARACTER SET utf8 COLLATE utf8_bin DEFAULT NULL,
  `createddate` timestamp NULL DEFAULT NULL,
  `modifiedby` varchar(45) CHARACTER SET utf8 COLLATE utf8_bin DEFAULT NULL,
  `modifieddate` timestamp NULL DEFAULT NULL,
  PRIMARY KEY (`id`),
  KEY `fk1_vehicletype_user` (`createdby`),
  KEY `fk2_vehicletype_user` (`modifiedby`),
  CONSTRAINT `fk1_vehicletype_user` FOREIGN KEY (`createdby`) REFERENCES `user` (`id`),
  CONSTRAINT `fk2_vehicletype_user` FOREIGN KEY (`modifiedby`) REFERENCES `user` (`id`)
) ENGINE=InnoDB AUTO_INCREMENT=3 DEFAULT CHARSET=utf8 COLLATE=utf8_bin;
/*!40101 SET character_set_client = @saved_cs_client */;

--
-- Dumping data for table `vehicletype`
--

LOCK TABLES `vehicletype` WRITE;
/*!40000 ALTER TABLE `vehicletype` DISABLE KEYS */;
INSERT INTO `vehicletype` VALUES (1,'Xe số',1,NULL,NULL,NULL,NULL),(2,'Tay Ga',1,NULL,NULL,NULL,NULL);
/*!40000 ALTER TABLE `vehicletype` ENABLE KEYS */;
UNLOCK TABLES;
/*!40103 SET TIME_ZONE=@OLD_TIME_ZONE */;

/*!40101 SET SQL_MODE=@OLD_SQL_MODE */;
/*!40014 SET FOREIGN_KEY_CHECKS=@OLD_FOREIGN_KEY_CHECKS */;
/*!40014 SET UNIQUE_CHECKS=@OLD_UNIQUE_CHECKS */;
/*!40101 SET CHARACTER_SET_CLIENT=@OLD_CHARACTER_SET_CLIENT */;
/*!40101 SET CHARACTER_SET_RESULTS=@OLD_CHARACTER_SET_RESULTS */;
/*!40101 SET COLLATION_CONNECTION=@OLD_COLLATION_CONNECTION */;
/*!40111 SET SQL_NOTES=@OLD_SQL_NOTES */;

-- Dump completed on 2020-08-11 10:23:27
